{"cameraMode":{"drawMode":0,"name":"Shaded","section":"Shading Mode"},"sceneLighting":true,"audioPlay":false,"sceneViewState":{"m_AlwaysRefresh":false,"showFog":true,"showSkybox":true,"showFlares":true,"showImageEffects":true,"showParticleSystems":true,"showVisualEffectGraphs":true,"m_FxEnabled":true},"in2DMode":false,"pivot":{"x":-2.904705762863159,"y":1.0437507629394532,"z":2.369582176208496},"rotation":{"x":0.6272332668304443,"y":0.003970666788518429,"z":-0.0031998739577829839,"w":0.7788264751434326},"size":11.425070762634278,"orthographic":false}